id,name,age,city,email,phone
1,John Doe,28,New York,john.doe@example.com,+1-555-1234
2,Jane Smith,34,Los Angeles,jane.smith@example.com,+1-555-5678
3,Alice Johnson,45,Chicago,alice.johnson@example.com,+1-555-9101
4,Bob Brown,29,Houston,bob.brown@example.com,+1-555-1122
5,Charlie Davis,38,Phoenix,charlie.davis@example.com,+1-555-3344
6,David Miller,56,Philadelphia,david.miller@example.com,+1-555-7788
7,Eve Wilson,33,Dallas,eve.wilson@example.com,+1-555-2233
8,Frank Harris,27,Austin,frank.harris@example.com,+1-555-4455
9,Grace Clark,42,San Francisco,grace.clark@example.com,+1-555-6677
10,Hank Lewis,31,San Diego,hank.lewis@example.com,+1-555-8899
11,Ivy Walker,39,Denver,ivy.walker@example.com,+1-555-1010
12,Jack Young,24,Seattle,jack.young@example.com,+1-555-2323
13,Karen Scott,41,Boston,karen.scott@example.com,+1-555-3434
14,Liam Allen,30,Miami,liam.allen@example.com,+1-555-4545
15,Mona King,26,Atlanta,mona.king@example.com,+1-555-5656
16,Nathan Wright,34,Las Vegas,nathan.wright@example.com,+1-555-6767
17,Olivia Lopez,28,Portland,olivia.lopez@example.com,+1-555-7878
18,Paul Hill,50,Minneapolis,paul.hill@example.com,+1-555-8989
19,Quinn Perez,36,Salt Lake City,quinn.perez@example.com,+1-555-9090
20,Rachel Adams,22,Cleveland,rachel.adams@example.com,+1-555-1011
21,Sam Roberts,48,Indianapolis,sam.roberts@example.com,+1-555-2121
22,Tina Carter,37,Charlotte,tina.carter@example.com,+1-555-3232
23,Ursula Murphy,29,Nashville,ursula.murphy@example.com,+1-555-4343
24,Victor Martinez,60,Orlando,victor.martinez@example.com,+1-555-5454
25,Willow Green,33,Memphis,willow.green@example.com,+1-555-6565
26,Xander Evans,41,Kansas City,xander.evans@example.com,+1-555-7676
27,Yara Morgan,27,New Orleans,yara.morgan@example.com,+1-555-8787
28,Zane Rogers,35,Jacksonville,zane.rogers@example.com,+1-555-9898
29,Abigail Simmons,43,Tampa,abigail.simmons@example.com,+1-555-1212
30,Ben Murphy,38,Detroit,ben.murphy@example.com,+1-555-2322
31,Cora Foster,41,Sacramento,cora.foster@example.com,+1-555-3433
32,Dustin Gonzalez,29,Birmingham,dustin.gonzalez@example.com,+1-555-4544
33,Ella Lee,31,Raleigh,ella.lee@example.com,+1-555-5655
34,Fiona Hernandez,36,Columbus,fiona.hernandez@example.com,+1-555-6766
35,George Harris,40,Louisville,george.harris@example.com,+1-555-7877
36,Holly King,27,Pittsburgh,holly.king@example.com,+1-555-8988
37,Isaac Perez,32,Cincinnati,isaac.perez@example.com,+1-555-9099
38,Jasmine Wright,26,Milwaukee,jasmine.wright@example.com,+1-555-1012
39,Kyle Scott,35,Madison,kyle.scott@example.com,+1-555-2122
40,Lana Brooks,50,Cleveland,lana.brooks@example.com,+1-555-3233
41,Max Stone,38,Bakersfield,max.stone@example.com,+1-555-4344
42,Nina Walker,44,Tucson,nina.walker@example.com,+1-555-5455
43,Oscar Harris,33,Oklahoma City,oscar.harris@example.com,+1-555-6566
44,Penny Adams,40,New Orleans,penny.adams@example.com,+1-555-7677
45,Quincy Wright,29,Fresno,quincy.wright@example.com,+1-555-8788
46,Rita Gray,41,Rochester,rita.gray@example.com,+1-555-9899
47,Steve Campbell,55,Long Beach,steve.campbell@example.com,+1-555-1235
48,Tracy Mitchell,32,Chula Vista,tracy.mitchell@example.com,+1-555-2345
49,Ulysses Brooks,36,Tallahassee,ulysses.brooks@example.com,+1-555-3456
50,Vera Jenkins,40,Lancaster,vera.jenkins@example.com,+1-555-4567
